LayerType,LayerName,GFLOPs,GIOPs,MParams,LayerParams,InputBlobs,OutputBlobs
Subtract,Subtract_8224,0.0002,0.0000,0.0000,[auto_broadcast: numpy],f32(1x3x224x224) f32(1x3x1x1),f32(1x3x224x224)
Multiply,Divide_8226,0.0002,0.0000,0.0000,[auto_broadcast: numpy],f32(1x3x224x224) f32(1x3x1x1),f32(1x3x224x224)
Multiply,Multiply_6683,0.0000,0.0000,0.0001,[auto_broadcast: numpy],f32(64x3x7x7) f32(64x1x1x1),f32(64x3x7x7)
Convolution,Multiply_6310,0.2360,0.0000,0.0094,[auto_pad: explicit; dilations: (1xs1); pads_begin: (3xs3); pads_end: (3xs3); strides: (2xs2)],f32(1x3x224x224) f32(64x3x7x7),f32(1x64x112x112)
Add,578,0.0008,0.0000,0.0001,[auto_broadcast: numpy],f32(1x64x112x112) f32(1x64x1x1),f32(1x64x112x112)
Multiply,Multiply_6687,0.0000,0.0000,0.0001,[auto_broadcast: numpy],f32(64x64x1x1) f32(64x1x1x1),f32(64x64x1x1)
Convolution,Multiply_6317,0.0257,0.0000,0.0041,[auto_pad: explicit; dilations: (1xs1); pads_begin: (0xs0); pads_end: (0xs0); strides: (1xs1)],f32(1x64x56x56) f32(64x64x1x1),f32(1x64x56x56)
Add,588,0.0002,0.0000,0.0001,[auto_broadcast: numpy],f32(1x64x56x56) f32(1x64x1x1),f32(1x64x56x56)
Multiply,Multiply_6691,0.0000,0.0000,0.0001,[auto_broadcast: numpy],f32(64x64x3x3) f32(64x1x1x1),f32(64x64x3x3)
Convolution,Multiply_6324,0.2312,0.0000,0.0369,[auto_pad: explicit; dilations: (1xs1); pads_begin: (1xs1); pads_end: (1xs1); strides: (1xs1)],f32(1x64x56x56) f32(64x64x3x3),f32(1x64x56x56)
Add,597,0.0002,0.0000,0.0001,[auto_broadcast: numpy],f32(1x64x56x56) f32(1x64x1x1),f32(1x64x56x56)
Multiply,Multiply_6695,0.0000,0.0000,0.0003,[auto_broadcast: numpy],f32(256x64x1x1) f32(256x1x1x1),f32(256x64x1x1)
Convolution,Multiply_6331,0.1028,0.0000,0.0164,[auto_pad: explicit; dilations: (1xs1); pads_begin: (0xs0); pads_end: (0xs0); strides: (1xs1)],f32(1x64x56x56) f32(256x64x1x1),f32(1x256x56x56)
Add,606,0.0008,0.0000,0.0003,[auto_broadcast: numpy],f32(1x256x56x56) f32(1x256x1x1),f32(1x256x56x56)
Multiply,Multiply_6699,0.0000,0.0000,0.0003,[auto_broadcast: numpy],f32(256x64x1x1) f32(256x1x1x1),f32(256x64x1x1)
Convolution,Multiply_6338,0.1028,0.0000,0.0164,[auto_pad: explicit; dilations: (1xs1); pads_begin: (0xs0); pads_end: (0xs0); strides: (1xs1)],f32(1x64x56x56) f32(256x64x1x1),f32(1x256x56x56)
Add,614,0.0008,0.0000,0.0003,[auto_broadcast: numpy],f32(1x256x56x56) f32(1x256x1x1),f32(1x256x56x56)
Multiply,Multiply_6703,0.0000,0.0000,0.0001,[auto_broadcast: numpy],f32(64x256x1x1) f32(64x1x1x1),f32(64x256x1x1)
Convolution,Multiply_6345,0.1028,0.0000,0.0164,[auto_pad: explicit; dilations: (1xs1); pads_begin: (0xs0); pads_end: (0xs0); strides: (1xs1)],f32(1x256x56x56) f32(64x256x1x1),f32(1x64x56x56)
Add,627,0.0002,0.0000,0.0001,[auto_broadcast: numpy],f32(1x64x56x56) f32(1x64x1x1),f32(1x64x56x56)
Multiply,Multiply_6707,0.0000,0.0000,0.0001,[auto_broadcast: numpy],f32(64x64x3x3) f32(64x1x1x1),f32(64x64x3x3)
Convolution,Multiply_6352,0.2312,0.0000,0.0369,[auto_pad: explicit; dilations: (1xs1); pads_begin: (1xs1); pads_end: (1xs1); strides: (1xs1)],f32(1x64x56x56) f32(64x64x3x3),f32(1x64x56x56)
Add,636,0.0002,0.0000,0.0001,[auto_broadcast: numpy],f32(1x64x56x56) f32(1x64x1x1),f32(1x64x56x56)
Multiply,Multiply_6711,0.0000,0.0000,0.0003,[auto_broadcast: numpy],f32(256x64x1x1) f32(256x1x1x1),f32(256x64x1x1)
Convolution,Multiply_6359,0.1028,0.0000,0.0164,[auto_pad: explicit; dilations: (1xs1); pads_begin: (0xs0); pads_end: (0xs0); strides: (1xs1)],f32(1x64x56x56) f32(256x64x1x1),f32(1x256x56x56)
Add,645,0.0008,0.0000,0.0003,[auto_broadcast: numpy],f32(1x256x56x56) f32(1x256x1x1),f32(1x256x56x56)
Multiply,Multiply_6715,0.0000,0.0000,0.0001,[auto_broadcast: numpy],f32(64x256x1x1) f32(64x1x1x1),f32(64x256x1x1)
Convolution,Multiply_6366,0.1028,0.0000,0.0164,[auto_pad: explicit; dilations: (1xs1); pads_begin: (0xs0); pads_end: (0xs0); strides: (1xs1)],f32(1x256x56x56) f32(64x256x1x1),f32(1x64x56x56)
Add,658,0.0002,0.0000,0.0001,[auto_broadcast: numpy],f32(1x64x56x56) f32(1x64x1x1),f32(1x64x56x56)
Multiply,Multiply_6719,0.0000,0.0000,0.0001,[auto_broadcast: numpy],f32(64x64x3x3) f32(64x1x1x1),f32(64x64x3x3)
Convolution,Multiply_6373,0.2312,0.0000,0.0369,[auto_pad: explicit; dilations: (1xs1); pads_begin: (1xs1); pads_end: (1xs1); strides: (1xs1)],f32(1x64x56x56) f32(64x64x3x3),f32(1x64x56x56)
Add,667,0.0002,0.0000,0.0001,[auto_broadcast: numpy],f32(1x64x56x56) f32(1x64x1x1),f32(1x64x56x56)
Multiply,Multiply_6723,0.0000,0.0000,0.0003,[auto_broadcast: numpy],f32(256x64x1x1) f32(256x1x1x1),f32(256x64x1x1)
Convolution,Multiply_6380,0.1028,0.0000,0.0164,[auto_pad: explicit; dilations: (1xs1); pads_begin: (0xs0); pads_end: (0xs0); strides: (1xs1)],f32(1x64x56x56) f32(256x64x1x1),f32(1x256x56x56)
Add,676,0.0008,0.0000,0.0003,[auto_broadcast: numpy],f32(1x256x56x56) f32(1x256x1x1),f32(1x256x56x56)
Multiply,Multiply_6727,0.0000,0.0000,0.0001,[auto_broadcast: numpy],f32(128x256x1x1) f32(128x1x1x1),f32(128x256x1x1)
Convolution,Multiply_6387,0.2055,0.0000,0.0328,[auto_pad: explicit; dilations: (1xs1); pads_begin: (0xs0); pads_end: (0xs0); strides: (1xs1)],f32(1x256x56x56) f32(128x256x1x1),f32(1x128x56x56)
Add,689,0.0004,0.0000,0.0001,[auto_broadcast: numpy],f32(1x128x56x56) f32(1x128x1x1),f32(1x128x56x56)
Multiply,Multiply_6731,0.0001,0.0000,0.0001,[auto_broadcast: numpy],f32(128x128x3x3) f32(128x1x1x1),f32(128x128x3x3)
Convolution,Multiply_6394,0.2312,0.0000,0.1475,[auto_pad: explicit; dilations: (1xs1); pads_begin: (1xs1); pads_end: (1xs1); strides: (2xs2)],f32(1x128x56x56) f32(128x128x3x3),f32(1x128x28x28)
Add,698,0.0001,0.0000,0.0001,[auto_broadcast: numpy],f32(1x128x28x28) f32(1x128x1x1),f32(1x128x28x28)
Multiply,Multiply_6735,0.0001,0.0000,0.0005,[auto_broadcast: numpy],f32(512x128x1x1) f32(512x1x1x1),f32(512x128x1x1)
Convolution,Multiply_6401,0.1028,0.0000,0.0655,[auto_pad: explicit; dilations: (1xs1); pads_begin: (0xs0); pads_end: (0xs0); strides: (1xs1)],f32(1x128x28x28) f32(512x128x1x1),f32(1x512x28x28)
Add,707,0.0004,0.0000,0.0005,[auto_broadcast: numpy],f32(1x512x28x28) f32(1x512x1x1),f32(1x512x28x28)
Multiply,Multiply_6739,0.0001,0.0000,0.0005,[auto_broadcast: numpy],f32(512x256x1x1) f32(512x1x1x1),f32(512x256x1x1)
Convolution,Multiply_6408,0.2055,0.0000,0.1311,[auto_pad: explicit; dilations: (1xs1); pads_begin: (0xs0); pads_end: (0xs0); strides: (2xs2)],f32(1x256x56x56) f32(512x256x1x1),f32(1x512x28x28)
Add,715,0.0004,0.0000,0.0005,[auto_broadcast: numpy],f32(1x512x28x28) f32(1x512x1x1),f32(1x512x28x28)
Multiply,Multiply_6743,0.0001,0.0000,0.0001,[auto_broadcast: numpy],f32(128x512x1x1) f32(128x1x1x1),f32(128x512x1x1)
Convolution,Multiply_6415,0.1028,0.0000,0.0655,[auto_pad: explicit; dilations: (1xs1); pads_begin: (0xs0); pads_end: (0xs0); strides: (1xs1)],f32(1x512x28x28) f32(128x512x1x1),f32(1x128x28x28)
Add,728,0.0001,0.0000,0.0001,[auto_broadcast: numpy],f32(1x128x28x28) f32(1x128x1x1),f32(1x128x28x28)
Multiply,Multiply_6747,0.0001,0.0000,0.0001,[auto_broadcast: numpy],f32(128x128x3x3) f32(128x1x1x1),f32(128x128x3x3)
Convolution,Multiply_6422,0.2312,0.0000,0.1475,[auto_pad: explicit; dilations: (1xs1); pads_begin: (1xs1); pads_end: (1xs1); strides: (1xs1)],f32(1x128x28x28) f32(128x128x3x3),f32(1x128x28x28)
Add,737,0.0001,0.0000,0.0001,[auto_broadcast: numpy],f32(1x128x28x28) f32(1x128x1x1),f32(1x128x28x28)
Multiply,Multiply_6751,0.0001,0.0000,0.0005,[auto_broadcast: numpy],f32(512x128x1x1) f32(512x1x1x1),f32(512x128x1x1)
Convolution,Multiply_6429,0.1028,0.0000,0.0655,[auto_pad: explicit; dilations: (1xs1); pads_begin: (0xs0); pads_end: (0xs0); strides: (1xs1)],f32(1x128x28x28) f32(512x128x1x1),f32(1x512x28x28)
Add,746,0.0004,0.0000,0.0005,[auto_broadcast: numpy],f32(1x512x28x28) f32(1x512x1x1),f32(1x512x28x28)
Multiply,Multiply_6755,0.0001,0.0000,0.0001,[auto_broadcast: numpy],f32(128x512x1x1) f32(128x1x1x1),f32(128x512x1x1)
Convolution,Multiply_6436,0.1028,0.0000,0.0655,[auto_pad: explicit; dilations: (1xs1); pads_begin: (0xs0); pads_end: (0xs0); strides: (1xs1)],f32(1x512x28x28) f32(128x512x1x1),f32(1x128x28x28)
Add,759,0.0001,0.0000,0.0001,[auto_broadcast: numpy],f32(1x128x28x28) f32(1x128x1x1),f32(1x128x28x28)
Multiply,Multiply_6759,0.0001,0.0000,0.0001,[auto_broadcast: numpy],f32(128x128x3x3) f32(128x1x1x1),f32(128x128x3x3)
Convolution,Multiply_6443,0.2312,0.0000,0.1475,[auto_pad: explicit; dilations: (1xs1); pads_begin: (1xs1); pads_end: (1xs1); strides: (1xs1)],f32(1x128x28x28) f32(128x128x3x3),f32(1x128x28x28)
Add,768,0.0001,0.0000,0.0001,[auto_broadcast: numpy],f32(1x128x28x28) f32(1x128x1x1),f32(1x128x28x28)
Multiply,Multiply_6763,0.0001,0.0000,0.0005,[auto_broadcast: numpy],f32(512x128x1x1) f32(512x1x1x1),f32(512x128x1x1)
Convolution,Multiply_6450,0.1028,0.0000,0.0655,[auto_pad: explicit; dilations: (1xs1); pads_begin: (0xs0); pads_end: (0xs0); strides: (1xs1)],f32(1x128x28x28) f32(512x128x1x1),f32(1x512x28x28)
Add,777,0.0004,0.0000,0.0005,[auto_broadcast: numpy],f32(1x512x28x28) f32(1x512x1x1),f32(1x512x28x28)
Multiply,Multiply_6767,0.0001,0.0000,0.0001,[auto_broadcast: numpy],f32(128x512x1x1) f32(128x1x1x1),f32(128x512x1x1)
Convolution,Multiply_6457,0.1028,0.0000,0.0655,[auto_pad: explicit; dilations: (1xs1); pads_begin: (0xs0); pads_end: (0xs0); strides: (1xs1)],f32(1x512x28x28) f32(128x512x1x1),f32(1x128x28x28)
Add,790,0.0001,0.0000,0.0001,[auto_broadcast: numpy],f32(1x128x28x28) f32(1x128x1x1),f32(1x128x28x28)
Multiply,Multiply_6771,0.0001,0.0000,0.0001,[auto_broadcast: numpy],f32(128x128x3x3) f32(128x1x1x1),f32(128x128x3x3)
Convolution,Multiply_6464,0.2312,0.0000,0.1475,[auto_pad: explicit; dilations: (1xs1); pads_begin: (1xs1); pads_end: (1xs1); strides: (1xs1)],f32(1x128x28x28) f32(128x128x3x3),f32(1x128x28x28)
Add,799,0.0001,0.0000,0.0001,[auto_broadcast: numpy],f32(1x128x28x28) f32(1x128x1x1),f32(1x128x28x28)
Multiply,Multiply_6775,0.0001,0.0000,0.0005,[auto_broadcast: numpy],f32(512x128x1x1) f32(512x1x1x1),f32(512x128x1x1)
Convolution,Multiply_6471,0.1028,0.0000,0.0655,[auto_pad: explicit; dilations: (1xs1); pads_begin: (0xs0); pads_end: (0xs0); strides: (1xs1)],f32(1x128x28x28) f32(512x128x1x1),f32(1x512x28x28)
Add,808,0.0004,0.0000,0.0005,[auto_broadcast: numpy],f32(1x512x28x28) f32(1x512x1x1),f32(1x512x28x28)
Multiply,Multiply_6779,0.0001,0.0000,0.0003,[auto_broadcast: numpy],f32(256x512x1x1) f32(256x1x1x1),f32(256x512x1x1)
Convolution,Multiply_6478,0.2055,0.0000,0.1311,[auto_pad: explicit; dilations: (1xs1); pads_begin: (0xs0); pads_end: (0xs0); strides: (1xs1)],f32(1x512x28x28) f32(256x512x1x1),f32(1x256x28x28)
Add,821,0.0002,0.0000,0.0003,[auto_broadcast: numpy],f32(1x256x28x28) f32(1x256x1x1),f32(1x256x28x28)
Multiply,Multiply_6783,0.0006,0.0000,0.0003,[auto_broadcast: numpy],f32(256x256x3x3) f32(256x1x1x1),f32(256x256x3x3)
Convolution,Multiply_6485,0.2312,0.0000,0.5898,[auto_pad: explicit; dilations: (1xs1); pads_begin: (1xs1); pads_end: (1xs1); strides: (2xs2)],f32(1x256x28x28) f32(256x256x3x3),f32(1x256x14x14)
Add,830,0.0001,0.0000,0.0003,[auto_broadcast: numpy],f32(1x256x14x14) f32(1x256x1x1),f32(1x256x14x14)
Multiply,Multiply_6787,0.0003,0.0000,0.0010,[auto_broadcast: numpy],f32(1024x256x1x1) f32(1024x1x1x1),f32(1024x256x1x1)
Convolution,Multiply_6492,0.1028,0.0000,0.2621,[auto_pad: explicit; dilations: (1xs1); pads_begin: (0xs0); pads_end: (0xs0); strides: (1xs1)],f32(1x256x14x14) f32(1024x256x1x1),f32(1x1024x14x14)
Add,839,0.0002,0.0000,0.0010,[auto_broadcast: numpy],f32(1x1024x14x14) f32(1x1024x1x1),f32(1x1024x14x14)
Multiply,Multiply_6791,0.0005,0.0000,0.0010,[auto_broadcast: numpy],f32(1024x512x1x1) f32(1024x1x1x1),f32(1024x512x1x1)
Convolution,Multiply_6499,0.2055,0.0000,0.5243,[auto_pad: explicit; dilations: (1xs1); pads_begin: (0xs0); pads_end: (0xs0); strides: (2xs2)],f32(1x512x28x28) f32(1024x512x1x1),f32(1x1024x14x14)
Add,847,0.0002,0.0000,0.0010,[auto_broadcast: numpy],f32(1x1024x14x14) f32(1x1024x1x1),f32(1x1024x14x14)
Multiply,Multiply_6795,0.0003,0.0000,0.0003,[auto_broadcast: numpy],f32(256x1024x1x1) f32(256x1x1x1),f32(256x1024x1x1)
Convolution,Multiply_6506,0.1028,0.0000,0.2621,[auto_pad: explicit; dilations: (1xs1); pads_begin: (0xs0); pads_end: (0xs0); strides: (1xs1)],f32(1x1024x14x14) f32(256x1024x1x1),f32(1x256x14x14)
Add,860,0.0001,0.0000,0.0003,[auto_broadcast: numpy],f32(1x256x14x14) f32(1x256x1x1),f32(1x256x14x14)
Multiply,Multiply_6799,0.0006,0.0000,0.0003,[auto_broadcast: numpy],f32(256x256x3x3) f32(256x1x1x1),f32(256x256x3x3)
Convolution,Multiply_6513,0.2312,0.0000,0.5898,[auto_pad: explicit; dilations: (1xs1); pads_begin: (1xs1); pads_end: (1xs1); strides: (1xs1)],f32(1x256x14x14) f32(256x256x3x3),f32(1x256x14x14)
Add,869,0.0001,0.0000,0.0003,[auto_broadcast: numpy],f32(1x256x14x14) f32(1x256x1x1),f32(1x256x14x14)
Multiply,Multiply_6803,0.0003,0.0000,0.0010,[auto_broadcast: numpy],f32(1024x256x1x1) f32(1024x1x1x1),f32(1024x256x1x1)
Convolution,Multiply_6520,0.1028,0.0000,0.2621,[auto_pad: explicit; dilations: (1xs1); pads_begin: (0xs0); pads_end: (0xs0); strides: (1xs1)],f32(1x256x14x14) f32(1024x256x1x1),f32(1x1024x14x14)
Add,878,0.0002,0.0000,0.0010,[auto_broadcast: numpy],f32(1x1024x14x14) f32(1x1024x1x1),f32(1x1024x14x14)
Multiply,Multiply_6807,0.0003,0.0000,0.0003,[auto_broadcast: numpy],f32(256x1024x1x1) f32(256x1x1x1),f32(256x1024x1x1)
Convolution,Multiply_6527,0.1028,0.0000,0.2621,[auto_pad: explicit; dilations: (1xs1); pads_begin: (0xs0); pads_end: (0xs0); strides: (1xs1)],f32(1x1024x14x14) f32(256x1024x1x1),f32(1x256x14x14)
Add,891,0.0001,0.0000,0.0003,[auto_broadcast: numpy],f32(1x256x14x14) f32(1x256x1x1),f32(1x256x14x14)
Multiply,Multiply_6811,0.0006,0.0000,0.0003,[auto_broadcast: numpy],f32(256x256x3x3) f32(256x1x1x1),f32(256x256x3x3)
Convolution,Multiply_6534,0.2312,0.0000,0.5898,[auto_pad: explicit; dilations: (1xs1); pads_begin: (1xs1); pads_end: (1xs1); strides: (1xs1)],f32(1x256x14x14) f32(256x256x3x3),f32(1x256x14x14)
Add,900,0.0001,0.0000,0.0003,[auto_broadcast: numpy],f32(1x256x14x14) f32(1x256x1x1),f32(1x256x14x14)
Multiply,Multiply_6815,0.0003,0.0000,0.0010,[auto_broadcast: numpy],f32(1024x256x1x1) f32(1024x1x1x1),f32(1024x256x1x1)
Convolution,Multiply_6541,0.1028,0.0000,0.2621,[auto_pad: explicit; dilations: (1xs1); pads_begin: (0xs0); pads_end: (0xs0); strides: (1xs1)],f32(1x256x14x14) f32(1024x256x1x1),f32(1x1024x14x14)
Add,909,0.0002,0.0000,0.0010,[auto_broadcast: numpy],f32(1x1024x14x14) f32(1x1024x1x1),f32(1x1024x14x14)
Multiply,Multiply_6819,0.0003,0.0000,0.0003,[auto_broadcast: numpy],f32(256x1024x1x1) f32(256x1x1x1),f32(256x1024x1x1)
Convolution,Multiply_6548,0.1028,0.0000,0.2621,[auto_pad: explicit; dilations: (1xs1); pads_begin: (0xs0); pads_end: (0xs0); strides: (1xs1)],f32(1x1024x14x14) f32(256x1024x1x1),f32(1x256x14x14)
Add,922,0.0001,0.0000,0.0003,[auto_broadcast: numpy],f32(1x256x14x14) f32(1x256x1x1),f32(1x256x14x14)
Multiply,Multiply_6823,0.0006,0.0000,0.0003,[auto_broadcast: numpy],f32(256x256x3x3) f32(256x1x1x1),f32(256x256x3x3)
Convolution,Multiply_6555,0.2312,0.0000,0.5898,[auto_pad: explicit; dilations: (1xs1); pads_begin: (1xs1); pads_end: (1xs1); strides: (1xs1)],f32(1x256x14x14) f32(256x256x3x3),f32(1x256x14x14)
Add,931,0.0001,0.0000,0.0003,[auto_broadcast: numpy],f32(1x256x14x14) f32(1x256x1x1),f32(1x256x14x14)
Multiply,Multiply_6827,0.0003,0.0000,0.0010,[auto_broadcast: numpy],f32(1024x256x1x1) f32(1024x1x1x1),f32(1024x256x1x1)
Convolution,Multiply_6562,0.1028,0.0000,0.2621,[auto_pad: explicit; dilations: (1xs1); pads_begin: (0xs0); pads_end: (0xs0); strides: (1xs1)],f32(1x256x14x14) f32(1024x256x1x1),f32(1x1024x14x14)
Add,940,0.0002,0.0000,0.0010,[auto_broadcast: numpy],f32(1x1024x14x14) f32(1x1024x1x1),f32(1x1024x14x14)
Multiply,Multiply_6831,0.0003,0.0000,0.0003,[auto_broadcast: numpy],f32(256x1024x1x1) f32(256x1x1x1),f32(256x1024x1x1)
Convolution,Multiply_6569,0.1028,0.0000,0.2621,[auto_pad: explicit; dilations: (1xs1); pads_begin: (0xs0); pads_end: (0xs0); strides: (1xs1)],f32(1x1024x14x14) f32(256x1024x1x1),f32(1x256x14x14)
Add,953,0.0001,0.0000,0.0003,[auto_broadcast: numpy],f32(1x256x14x14) f32(1x256x1x1),f32(1x256x14x14)
Multiply,Multiply_6835,0.0006,0.0000,0.0003,[auto_broadcast: numpy],f32(256x256x3x3) f32(256x1x1x1),f32(256x256x3x3)
Convolution,Multiply_6576,0.2312,0.0000,0.5898,[auto_pad: explicit; dilations: (1xs1); pads_begin: (1xs1); pads_end: (1xs1); strides: (1xs1)],f32(1x256x14x14) f32(256x256x3x3),f32(1x256x14x14)
Add,962,0.0001,0.0000,0.0003,[auto_broadcast: numpy],f32(1x256x14x14) f32(1x256x1x1),f32(1x256x14x14)
Multiply,Multiply_6839,0.0003,0.0000,0.0010,[auto_broadcast: numpy],f32(1024x256x1x1) f32(1024x1x1x1),f32(1024x256x1x1)
Convolution,Multiply_6583,0.1028,0.0000,0.2621,[auto_pad: explicit; dilations: (1xs1); pads_begin: (0xs0); pads_end: (0xs0); strides: (1xs1)],f32(1x256x14x14) f32(1024x256x1x1),f32(1x1024x14x14)
Add,971,0.0002,0.0000,0.0010,[auto_broadcast: numpy],f32(1x1024x14x14) f32(1x1024x1x1),f32(1x1024x14x14)
Multiply,Multiply_6843,0.0003,0.0000,0.0003,[auto_broadcast: numpy],f32(256x1024x1x1) f32(256x1x1x1),f32(256x1024x1x1)
Convolution,Multiply_6590,0.1028,0.0000,0.2621,[auto_pad: explicit; dilations: (1xs1); pads_begin: (0xs0); pads_end: (0xs0); strides: (1xs1)],f32(1x1024x14x14) f32(256x1024x1x1),f32(1x256x14x14)
Add,984,0.0001,0.0000,0.0003,[auto_broadcast: numpy],f32(1x256x14x14) f32(1x256x1x1),f32(1x256x14x14)
Multiply,Multiply_6847,0.0006,0.0000,0.0003,[auto_broadcast: numpy],f32(256x256x3x3) f32(256x1x1x1),f32(256x256x3x3)
Convolution,Multiply_6597,0.2312,0.0000,0.5898,[auto_pad: explicit; dilations: (1xs1); pads_begin: (1xs1); pads_end: (1xs1); strides: (1xs1)],f32(1x256x14x14) f32(256x256x3x3),f32(1x256x14x14)
Add,993,0.0001,0.0000,0.0003,[auto_broadcast: numpy],f32(1x256x14x14) f32(1x256x1x1),f32(1x256x14x14)
Multiply,Multiply_6851,0.0003,0.0000,0.0010,[auto_broadcast: numpy],f32(1024x256x1x1) f32(1024x1x1x1),f32(1024x256x1x1)
Convolution,Multiply_6604,0.1028,0.0000,0.2621,[auto_pad: explicit; dilations: (1xs1); pads_begin: (0xs0); pads_end: (0xs0); strides: (1xs1)],f32(1x256x14x14) f32(1024x256x1x1),f32(1x1024x14x14)
Add,1002,0.0002,0.0000,0.0010,[auto_broadcast: numpy],f32(1x1024x14x14) f32(1x1024x1x1),f32(1x1024x14x14)
Multiply,Multiply_6855,0.0005,0.0000,0.0005,[auto_broadcast: numpy],f32(512x1024x1x1) f32(512x1x1x1),f32(512x1024x1x1)
Convolution,Multiply_6611,0.2055,0.0000,0.5243,[auto_pad: explicit; dilations: (1xs1); pads_begin: (0xs0); pads_end: (0xs0); strides: (1xs1)],f32(1x1024x14x14) f32(512x1024x1x1),f32(1x512x14x14)
Add,1015,0.0001,0.0000,0.0005,[auto_broadcast: numpy],f32(1x512x14x14) f32(1x512x1x1),f32(1x512x14x14)
Multiply,Multiply_6859,0.0024,0.0000,0.0005,[auto_broadcast: numpy],f32(512x512x3x3) f32(512x1x1x1),f32(512x512x3x3)
Convolution,Multiply_6618,0.2312,0.0000,2.3593,[auto_pad: explicit; dilations: (1xs1); pads_begin: (1xs1); pads_end: (1xs1); strides: (2xs2)],f32(1x512x14x14) f32(512x512x3x3),f32(1x512x7x7)
Add,1024,0.0000,0.0000,0.0005,[auto_broadcast: numpy],f32(1x512x7x7) f32(1x512x1x1),f32(1x512x7x7)
Multiply,Multiply_6863,0.0010,0.0000,0.0020,[auto_broadcast: numpy],f32(2048x512x1x1) f32(2048x1x1x1),f32(2048x512x1x1)
Convolution,Multiply_6625,0.1028,0.0000,1.0486,[auto_pad: explicit; dilations: (1xs1); pads_begin: (0xs0); pads_end: (0xs0); strides: (1xs1)],f32(1x512x7x7) f32(2048x512x1x1),f32(1x2048x7x7)
Add,1033,0.0001,0.0000,0.0020,[auto_broadcast: numpy],f32(1x2048x7x7) f32(1x2048x1x1),f32(1x2048x7x7)
Multiply,Multiply_6867,0.0021,0.0000,0.0020,[auto_broadcast: numpy],f32(2048x1024x1x1) f32(2048x1x1x1),f32(2048x1024x1x1)
Convolution,Multiply_6632,0.2055,0.0000,2.0972,[auto_pad: explicit; dilations: (1xs1); pads_begin: (0xs0); pads_end: (0xs0); strides: (2xs2)],f32(1x1024x14x14) f32(2048x1024x1x1),f32(1x2048x7x7)
Add,1041,0.0001,0.0000,0.0020,[auto_broadcast: numpy],f32(1x2048x7x7) f32(1x2048x1x1),f32(1x2048x7x7)
Multiply,Multiply_6871,0.0010,0.0000,0.0005,[auto_broadcast: numpy],f32(512x2048x1x1) f32(512x1x1x1),f32(512x2048x1x1)
Convolution,Multiply_6639,0.1028,0.0000,1.0486,[auto_pad: explicit; dilations: (1xs1); pads_begin: (0xs0); pads_end: (0xs0); strides: (1xs1)],f32(1x2048x7x7) f32(512x2048x1x1),f32(1x512x7x7)
Add,1054,0.0000,0.0000,0.0005,[auto_broadcast: numpy],f32(1x512x7x7) f32(1x512x1x1),f32(1x512x7x7)
Multiply,Multiply_6875,0.0024,0.0000,0.0005,[auto_broadcast: numpy],f32(512x512x3x3) f32(512x1x1x1),f32(512x512x3x3)
Convolution,Multiply_6646,0.2312,0.0000,2.3593,[auto_pad: explicit; dilations: (1xs1); pads_begin: (1xs1); pads_end: (1xs1); strides: (1xs1)],f32(1x512x7x7) f32(512x512x3x3),f32(1x512x7x7)
Add,1063,0.0000,0.0000,0.0005,[auto_broadcast: numpy],f32(1x512x7x7) f32(1x512x1x1),f32(1x512x7x7)
Multiply,Multiply_6879,0.0010,0.0000,0.0020,[auto_broadcast: numpy],f32(2048x512x1x1) f32(2048x1x1x1),f32(2048x512x1x1)
Convolution,Multiply_6653,0.1028,0.0000,1.0486,[auto_pad: explicit; dilations: (1xs1); pads_begin: (0xs0); pads_end: (0xs0); strides: (1xs1)],f32(1x512x7x7) f32(2048x512x1x1),f32(1x2048x7x7)
Add,1072,0.0001,0.0000,0.0020,[auto_broadcast: numpy],f32(1x2048x7x7) f32(1x2048x1x1),f32(1x2048x7x7)
Multiply,Multiply_6883,0.0010,0.0000,0.0005,[auto_broadcast: numpy],f32(512x2048x1x1) f32(512x1x1x1),f32(512x2048x1x1)
Convolution,Multiply_6660,0.1028,0.0000,1.0486,[auto_pad: explicit; dilations: (1xs1); pads_begin: (0xs0); pads_end: (0xs0); strides: (1xs1)],f32(1x2048x7x7) f32(512x2048x1x1),f32(1x512x7x7)
Add,1085,0.0000,0.0000,0.0005,[auto_broadcast: numpy],f32(1x512x7x7) f32(1x512x1x1),f32(1x512x7x7)
Multiply,Multiply_6887,0.0024,0.0000,0.0005,[auto_broadcast: numpy],f32(512x512x3x3) f32(512x1x1x1),f32(512x512x3x3)
Convolution,Multiply_6667,0.2312,0.0000,2.3593,[auto_pad: explicit; dilations: (1xs1); pads_begin: (1xs1); pads_end: (1xs1); strides: (1xs1)],f32(1x512x7x7) f32(512x512x3x3),f32(1x512x7x7)
Add,1094,0.0000,0.0000,0.0005,[auto_broadcast: numpy],f32(1x512x7x7) f32(1x512x1x1),f32(1x512x7x7)
Multiply,Multiply_6891,0.0010,0.0000,0.0020,[auto_broadcast: numpy],f32(2048x512x1x1) f32(2048x1x1x1),f32(2048x512x1x1)
Convolution,Multiply_6674,0.1028,0.0000,1.0486,[auto_pad: explicit; dilations: (1xs1); pads_begin: (0xs0); pads_end: (0xs0); strides: (1xs1)],f32(1x512x7x7) f32(2048x512x1x1),f32(1x2048x7x7)
Add,1103,0.0001,0.0000,0.0020,[auto_broadcast: numpy],f32(1x2048x7x7) f32(1x2048x1x1),f32(1x2048x7x7)
ReduceMean,1112,-1.0000,-1.0000,0.0000,,f32(1x2048x7x7) i64(2),f32(1x2048x1x1)
Multiply,1126,0.0020,0.0000,0.0000,[auto_broadcast: numpy],f32(1000x2048) f32(1x1),f32(1000x2048)
MatMul,1127/WithoutBiases,0.0041,0.0000,2.0480,[transpose_a: False; transpose_b: True],f32(1x2048) f32(1000x2048),f32(1x1000)
Add,1127,0.0000,0.0000,0.0010,[auto_broadcast: numpy],f32(1x1000) f32(1x1000),f32(1x1000)
